1,Marie,Gardner,mgardner0@com.com,F,China,Services,139661.36
2,Henry,Spencer,hspencer1@cbsnews.com,M,Bosnia and Herzegovina,Business Development,87484.77
3,Bonnie,Palmer,bpalmer2@simplemachines.org,F,Peru,Engineering,497253.95
4,Margaret,Gutierrez,mgutierrez3@canalblog.com,F,Malaysia,Human Resources,239320.17
5,Russell,Martin,rmartin4@nifty.com,M,Ukraine,Business Development,209984.39
6,Terry,Fox,tfox5@usgs.gov,M,France,Legal,168382.24
7,Sharon,Duncan,sduncan6@barnesandnoble.com,F,Philippines,Engineering,269272.63
8,Robert,Ellis,rellis7@prnewswire.com,M,Russia,Legal,27620.55
9,Elizabeth,Richards,erichards8@bing.com,F,China,Business Development,62365.19
10,Jeffrey,Hanson,jhanson9@t.co,M,Indonesia,Business Development,322628.4
11,Stephanie,Bishop,sbishopa@youtube.com,F,China,Accounting,390916.32
12,John,Thompson,jthompsonb@pagesperso-orange.fr,M,Pakistan,Business Development,177041.93
13,Charles,Parker,cparkerc@aol.com,M,Thailand,Legal,186724.09
14,Frank,Banks,fbanksd@huffingtonpost.com,M,China,Training,296716.67
15,Theresa,Mills,tmillse@wikimedia.org,F,Indonesia,Engineering,467395.31
16,Roger,Stanley,rstanleyf@pagesperso-orange.fr,M,Poland,Legal,187388.77
17,Nicole,Russell,nrussellg@pinterest.com,F,Indonesia,Engineering,206589.73
18,Jimmy,Mendoza,jmendozah@php.net,M,Iraq,Services,101007.74
19,Christine,Martin,cmartini@imageshack.us,F,United States,Human Resources,369251.4
20,Peter,Kelley,pkelleyj@surveymonkey.com,M,Philippines,Research and Development,287621.35
21,Samuel,Daniels,sdanielsk@imageshack.us,M,Russia,Services,206785.48
22,Jeffrey,Jordan,jjordanl@goodreads.com,M,Brazil,Services,315444.92
23,Mary,James,mjamesm@stumbleupon.com,F,Indonesia,Engineering,104525.59
24,Phyllis,Washington,pwashingtonn@google.com.br,F,Philippines,Support,50414.69
25,Victor,Bryant,vbryanto@g.co,M,Tanzania,Services,299540.64
26,Donna,Nelson,dnelsonp@yellowbook.com,F,Burkina Faso,Sales,422087.81
27,Melissa,Henry,mhenryq@istockphoto.com,F,Philippines,Services,335441.55
28,Doris,Hamilton,dhamiltonr@zimbio.com,F,China,Human Resources,381493.66
29,Andrea,Robinson,arobinsons@weebly.com,F,Zambia,Accounting,340392.33
30,Jeremy,Ryan,jryant@nhs.uk,M,United States,Marketing,411590.22
31,Susan,Brown,sbrownu@psu.edu,F,Brazil,Product Management,445517.78
32,Kelly,Ramos,kramosv@cmu.edu,F,Italy,Business Development,48424.75
33,Arthur,Davis,adavisw@sourceforge.net,M,Finland,Support,274290.99
34,Anna,Reynolds,areynoldsx@quantcast.com,F,China,Accounting,124484.24
35,George,Mendoza,gmendozay@upenn.edu,M,Czech Republic,Legal,242400.32
36,Roy,Lopez,rlopezz@imageshack.us,M,Malaysia,Accounting,469455.69
37,Philip,Franklin,pfranklin10@stumbleupon.com,M,Cameroon,Sales,297524.74
38,Roy,Snyder,rsnyder11@examiner.com,M,Indonesia,Human Resources,329049.28
39,Nicole,Hudson,nhudson12@noaa.gov,F,China,Research and Development,180820.1
40,Mark,Scott,mscott13@latimes.com,M,France,Product Management,471895.75
41,Lisa,Henry,lhenry14@dailymail.co.uk,F,Mongolia,Support,176565.04
42,Norma,Sims,nsims15@mozilla.com,F,Ireland,Marketing,335001.14
43,Elizabeth,Gomez,egomez16@stumbleupon.com,F,Indonesia,Engineering,450569.5
44,Anna,Elliott,aelliott17@ustream.tv,F,China,Accounting,474626.85
45,Donald,Spencer,dspencer18@yelp.com,M,Greece,Product Management,166787.97
46,Wayne,Price,wprice19@columbia.edu,M,Mongolia,Marketing,314986.75
47,Gloria,Mcdonald,gmcdonald1a@oaic.gov.au,F,Malawi,Business Development,451480.18
48,Diana,Hanson,dhanson1b@devhub.com,F,Philippines,Training,441316.5
49,Jane,Carpenter,jcarpenter1c@disqus.com,F,Brazil,Support,342113.14
50,Peter,Oliver,poliver1d@telegraph.co.uk,M,China,Product Management,292295.94
51,Ruby,Riley,rriley1e@homestead.com,F,Venezuela,Human Resources,47927.69
52,Michael,Torres,mtorres1f@oakley.com,M,Brazil,Engineering,434438.12
53,John,Williamson,jwilliamson1g@oakley.com,M,Indonesia,Marketing,439792.08
54,Maria,Nichols,mnichols1h@multiply.com,F,China,Services,487011.37
55,Joseph,Kim,jkim1i@amazon.com,M,Kyrgyzstan,Sales,78703.6
56,Samuel,Cunningham,scunningham1j@addthis.com,M,Czech Republic,Marketing,103024.27
57,Evelyn,Shaw,eshaw1k@drupal.org,F,China,Marketing,304093.38
58,Annie,Lopez,alopez1l@blinklist.com,F,Colombia,Services,371546.76
59,Susan,Gray,sgray1m@meetup.com,F,Portugal,Support,456517.52
60,Samuel,Morris,smorris1n@csmonitor.com,M,China,Support,375574.25
61,Melissa,Olson,molson1o@shareasale.com,F,Czech Republic,Support,207908.41
62,Patrick,Dunn,pdunn1p@mysql.com,M,France,Services,68319.62
63,Todd,Richardson,trichardson1q@naver.com,M,China,Product Management,14879.04
64,Sean,Garcia,sgarcia1r@cam.ac.uk,M,China,Sales,115165.9
65,Phyllis,Thomas,pthomas1s@usgs.gov,F,Brazil,Legal,472268.51
66,Kelly,Morales,kmorales1t@china.com.cn,F,Indonesia,Research and Development,204283.49
67,Victor,Reyes,vreyes1u@ucla.edu,M,Armenia,Business Development,244326.47
68,Nancy,George,ngeorge1v@jimdo.com,F,Philippines,Accounting,14637.96
69,Jeremy,Ortiz,jortiz1w@w3.org,M,France,Product Management,82017.91
70,Albert,Hansen,ahansen1x@tiny.cc,M,Sweden,Training,18060
71,Amanda,Arnold,aarnold1y@google.com.au,F,Russia,Research and Development,134791.52
72,Peter,Harrison,pharrison1z@pinterest.com,M,Kazakhstan,Product Management,179868.95
73,Arthur,Ryan,aryan20@nih.gov,M,Poland,Engineering,185136.67
74,Catherine,Johnston,cjohnston21@google.nl,F,Brazil,Business Development,323604.6
75,Sara,Boyd,sboyd22@un.org,F,China,Marketing,497240.47
76,Evelyn,Kelley,ekelley23@ibm.com,F,Kenya,Human Resources,355127.17
77,Virginia,Long,vlong24@msn.com,F,Philippines,Marketing,140420.93
78,Rachel,Bowman,rbowman25@behance.net,F,Sweden,Sales,63360.67
79,Daniel,Dixon,ddixon26@mapy.cz,M,Portugal,Sales,322827.07
80,Phillip,Reed,preed27@japanpost.jp,M,China,Services,118064.85
81,Timothy,Boyd,tboyd28@foxnews.com,M,Russia,Product Management,445389.67
82,Harry,Perez,hperez29@ucsd.edu,M,Portugal,Business Development,79174.4
83,Alan,Murphy,amurphy2a@stanford.edu,M,China,Legal,484633.32
84,Jennifer,Edwards,jedwards2b@hud.gov,F,Philippines,Engineering,314581.85
85,Beverly,Spencer,bspencer2c@miitbeian.gov.cn,F,Brazil,Research and Development,421027.81
86,Sara,Young,syoung2d@surveymonkey.com,F,Portugal,Training,157073.85
87,Doris,Bell,dbell2e@spotify.com,F,China,Research and Development,165019.71
88,Alice,Spencer,aspencer2f@npr.org,F,China,Product Management,251825.86
89,Robert,Webb,rwebb2g@mozilla.com,M,Brazil,Legal,167713.68
90,Antonio,Meyer,ameyer2h@ftc.gov,M,China,Engineering,91963.12
91,Fred,Rogers,frogers2i@list-manage.com,M,United Kingdom,Human Resources,493543.18
92,Arthur,Cunningham,acunningham2j@fema.gov,M,Palestinian Territory,Marketing,265434.61
93,Edward,Collins,ecollins2k@xing.com,M,Myanmar,Training,150680.48
94,Judith,Mendoza,jmendoza2l@prweb.com,F,Indonesia,Support,79725.84
95,Kathleen,Sullivan,ksullivan2m@furl.net,F,Argentina,Support,323862.8
96,Jose,Collins,jcollins2n@wufoo.com,M,Argentina,Training,73602.44
97,Anthony,Ruiz,aruiz2o@usnews.com,M,Thailand,Legal,456961.92
98,Kathryn,Harrison,kharrison2p@elegantthemes.com,F,China,Services,312213.94
99,Matthew,Johnson,mjohnson2q@economist.com,M,Argentina,Support,491017.1
100,Julie,Ruiz,jruiz2r@youtube.com,F,Paraguay,Accounting,54734.54
101,Matthew,Gilbert,mgilbert2s@devhub.com,M,China,Human Resources,64988.53
102,David,Rice,drice2t@yelp.com,M,China,Sales,55440.48
103,Doris,Wright,dwright2u@google.com,F,Portugal,Sales,482981.27
104,Tammy,Day,tday2v@google.cn,F,South Africa,Accounting,337400.07
105,Jacqueline,Foster,jfoster2w@bbb.org,F,China,Services,327953.66
106,Victor,Alexander,valexander2x@mayoclinic.com,M,China,Product Management,151046.11
107,Laura,Lawrence,llawrence2y@dedecms.com,F,Indonesia,Human Resources,456269.39
108,Anthony,Chavez,achavez2z@reddit.com,M,Russia,Legal,386587.03
109,Martin,Frazier,mfrazier30@bloglovin.com,M,Indonesia,Sales,34508.75
110,Peter,Stephens,pstephens31@twitpic.com,M,China,Training,77840.57
111,Julie,Thomas,jthomas32@patch.com,F,China,Engineering,146020.24
112,Karen,Wheeler,kwheeler33@virginia.edu,F,China,Training,417071.4
113,Alan,Davis,adavis34@slideshare.net,M,Indonesia,Marketing,404267.52
114,Denise,Marshall,dmarshall35@naver.com,F,Indonesia,Engineering,431450.51
115,Adam,Berry,aberry36@jigsy.com,M,China,Product Management,51452.9
116,Sarah,Mcdonald,smcdonald37@springer.com,F,Poland,Accounting,409528.32
117,Cheryl,Russell,crussell38@forbes.com,F,Indonesia,Services,148796.19
118,Debra,Chavez,dchavez39@ftc.gov,F,China,Research and Development,30929.68
119,Ronald,Sullivan,rsullivan3a@wisc.edu,M,France,Sales,316865.45
120,Russell,Taylor,rtaylor3b@ibm.com,M,China,Training,120580.1
121,Amanda,Duncan,aduncan3c@ebay.co.uk,F,Macedonia,Services,430362.39
122,Roy,George,rgeorge3d@wordpress.com,M,United States,Engineering,205690.06
123,Sean,Moore,smoore3e@amazon.de,M,Poland,Marketing,318720.66
124,Jesse,Hill,jhill3f@usda.gov,M,Poland,Accounting,80362.6
125,Paul,Barnes,pbarnes3g@unesco.org,M,Indonesia,Product Management,463825.06
126,Edward,Jordan,ejordan3h@storify.com,M,United States,Sales,478001.63
127,Carolyn,Graham,cgraham3i@google.es,F,Macedonia,Accounting,50708.81
128,Rachel,Sims,rsims3j@imageshack.us,F,Russia,Engineering,347900.36
129,Lawrence,Chapman,lchapman3k@addtoany.com,M,Argentina,Business Development,107805.9
130,Barbara,Ross,bross3l@youtu.be,F,Brazil,Legal,46435.13
131,Ashley,Warren,awarren3m@symantec.com,F,Portugal,Business Development,395332.48
132,Phillip,Ford,pford3n@fda.gov,M,Ukraine,Product Management,360678.2
133,Bruce,Ford,bford3o@clickbank.net,M,China,Support,472012.86
134,Rose,Franklin,rfranklin3p@canalblog.com,F,Greece,Research and Development,142258.32
135,Karen,Torres,ktorres3q@whitehouse.gov,F,China,Accounting,170618.47
136,Willie,Carr,wcarr3r@vk.com,M,South Africa,Research and Development,256032.33
137,Barbara,Flores,bflores3s@dion.ne.jp,F,Ukraine,Product Management,442988.23
138,Ronald,Lynch,rlynch3t@mac.com,M,Indonesia,Product Management,48098.94
139,Julia,Fields,jfields3u@omniture.com,F,Poland,Legal,229192.3
140,Paul,Ruiz,pruiz3v@phpbb.com,M,Germany,Services,243012.25
141,Deborah,Wagner,dwagner3w@apple.com,F,Greece,Product Management,10810.07
142,Laura,Shaw,lshaw3x@uiuc.edu,F,China,Research and Development,475378.49
143,Judith,Pierce,jpierce3y@hatena.ne.jp,F,China,Product Management,369023.98
144,Melissa,Fisher,mfisher3z@theglobeandmail.com,F,China,Product Management,27337.94
145,Christine,Rice,crice40@dedecms.com,F,France,Research and Development,217903.49
146,Karen,Black,kblack41@ftc.gov,F,Pakistan,Human Resources,25932.58
147,Donald,Holmes,dholmes42@zdnet.com,M,Taiwan,Product Management,287059.44
148,Samuel,Gonzales,sgonzales43@twitter.com,M,Brazil,Services,312569.18
149,Paul,Boyd,pboyd44@vimeo.com,M,Japan,Human Resources,412512.57
150,Phillip,Harvey,pharvey45@answers.com,M,Russia,Sales,467044.66
151,Steven,Robinson,srobinson46@businessweek.com,M,China,Accounting,365970.57
152,Walter,Dunn,wdunn47@paginegialle.it,M,Egypt,Training,485219.51
153,Fred,Owens,fowens48@nationalgeographic.com,M,Greece,Product Management,197779.6
154,Robin,Ellis,rellis49@nbcnews.com,F,Philippines,Services,261543.48
155,Kathy,Myers,kmyers4a@ted.com,F,Poland,Engineering,286619.07
156,Rebecca,Stevens,rstevens4b@desdev.cn,F,Russia,Product Management,296982.58
157,Randy,Roberts,rroberts4c@cargocollective.com,M,Morocco,Marketing,322917.42
158,Carolyn,Evans,cevans4d@cbc.ca,F,Nigeria,Human Resources,272253.99
159,Irene,Duncan,iduncan4e@umich.edu,F,Portugal,Engineering,145057.45
160,Stephanie,Armstrong,sarmstrong4f@wufoo.com,F,Dominican Republic,Engineering,115529.57
161,Gerald,Stevens,gstevens4g@europa.eu,M,Russia,Services,334224.72
162,Dennis,Allen,dallen4h@microsoft.com,M,Palestinian Territory,Services,80763.63
163,Christina,Garcia,cgarcia4i@dmoz.org,F,Brazil,Sales,359923.77
164,Ronald,Adams,radams4j@gravatar.com,M,Portugal,Legal,498489.91
165,Kenneth,Gonzalez,kgonzalez4k@smugmug.com,M,Indonesia,Human Resources,332959.36
166,Jeremy,Fisher,jfisher4l@quantcast.com,M,China,Engineering,315001.13
167,Peter,Bowman,pbowman4m@usa.gov,M,Colombia,Sales,441313.23
168,Pamela,Chapman,pchapman4n@aboutads.info,F,Zimbabwe,Services,69218.83
169,Jacqueline,Davis,jdavis4o@oracle.com,F,South Africa,Engineering,224555.81
170,Wayne,Holmes,wholmes4p@loc.gov,M,Portugal,Engineering,299719.65
171,Keith,Hawkins,khawkins4q@economist.com,M,Japan,Engineering,369892.89
172,Sarah,Morgan,smorgan4r@bing.com,F,China,Support,52072.86
173,Susan,Barnes,sbarnes4s@mozilla.org,F,China,Services,334385.44
174,Alan,Howard,ahoward4t@booking.com,M,Dominica,Human Resources,28985.16
175,Norma,Robinson,nrobinson4u@theguardian.com,F,Indonesia,Engineering,101025.59
176,Angela,Andrews,aandrews4v@google.pl,F,Brazil,Product Management,238356.82
177,Johnny,Reid,jreid4w@xrea.com,M,Germany,Accounting,441418.59
178,Lisa,Burton,lburton4x@naver.com,F,Turkmenistan,Support,486178.74
179,Jimmy,Howell,jhowell4y@istockphoto.com,M,Peru,Engineering,339719.92
180,Thomas,Rice,trice4z@mit.edu,M,Indonesia,Support,244343.06
181,Angela,Mcdonald,amcdonald50@sciencedirect.com,F,Malaysia,Sales,453514.6
182,Marie,Bishop,mbishop51@gmpg.org,F,Philippines,Support,206140.51
183,Steve,Johnson,sjohnson52@redcross.org,M,Italy,Support,58790.38
184,Philip,Vasquez,pvasquez53@hud.gov,M,Indonesia,Support,157273.26
185,Keith,Andrews,kandrews54@rambler.ru,M,Moldova,Services,449772.54
186,Angela,Vasquez,avasquez55@accuweather.com,F,Philippines,Product Management,12142.97
187,Todd,Young,tyoung56@rediff.com,M,China,Human Resources,391459.12
188,Bobby,Ortiz,bortiz57@privacy.gov.au,M,Indonesia,Services,262649.16
189,Thomas,Garrett,tgarrett58@ihg.com,M,Thailand,Legal,211093.58
190,Louis,Boyd,lboyd59@irs.gov,M,China,Engineering,268357.43
191,Margaret,Fox,mfox5a@canalblog.com,F,Portugal,Services,285521.5
192,Martin,Wood,mwood5b@samsung.com,M,Russia,Sales,44420.73
193,Joe,Lopez,jlopez5c@yolasite.com,M,Egypt,Human Resources,226939.83
194,Shirley,Ramirez,sramirez5d@zdnet.com,F,Philippines,Marketing,40670.41
195,Jesse,Nguyen,jnguyen5e@yellowpages.com,M,Poland,Human Resources,154930.32
196,Elizabeth,White,ewhite5f@amazonaws.com,F,Poland,Training,247343.19
197,Janet,Hart,jhart5g@smh.com.au,F,Sweden,Support,86936.66
198,Donald,Bradley,dbradley5h@reuters.com,M,Poland,Services,241143.03
199,Gregory,Ellis,gellis5i@php.net,M,Armenia,Accounting,124326.8
200,Jean,Henderson,jhenderson5j@arizona.edu,F,Brazil,Accounting,317587.54
201,Jennifer,Wallace,jwallace5k@odnoklassniki.ru,F,Philippines,Training,12412.44
202,Keith,Mccoy,kmccoy5l@alibaba.com,M,Poland,Services,299143.52
203,Diana,Carroll,dcarroll5m@mapquest.com,F,Peru,Research and Development,100337.19
204,Steven,Willis,swillis5n@wisc.edu,M,France,Marketing,486862.92
205,Heather,Chapman,hchapman5o@sciencedirect.com,F,Ukraine,Sales,378292.33
206,Rebecca,Carr,rcarr5p@pen.io,F,Argentina,Training,314327.69
207,Julie,Wells,jwells5q@comcast.net,F,Ecuador,Human Resources,82178.05
208,Dennis,Hughes,dhughes5r@unesco.org,M,Russia,Training,140437.01
209,Judy,Duncan,jduncan5s@ed.gov,F,Greece,Research and Development,136517.43
210,Patrick,Payne,ppayne5t@freewebs.com,M,Palau,Legal,395107.41
211,Albert,Elliott,aelliott5u@dmoz.org,M,Indonesia,Support,20463.72
212,Ashley,Harper,aharper5v@csmonitor.com,F,China,Engineering,86194.16
213,Melissa,Ferguson,mferguson5w@omniture.com,F,Portugal,Human Resources,71642.54
214,Helen,Castillo,hcastillo5x@jalbum.net,F,China,Sales,212140.43
215,Kevin,Frazier,kfrazier5y@tmall.com,M,Indonesia,Services,123340.58
216,Daniel,Fox,dfox5z@go.com,M,Togo,Human Resources,249418.78
217,Craig,Reyes,creyes60@skype.com,M,South Korea,Training,193553.75
218,Nicole,Rodriguez,nrodriguez61@bloglines.com,F,China,Services,378297.81
219,Brenda,Hughes,bhughes62@dailymail.co.uk,F,Russia,Human Resources,163146.86
220,Matthew,Ellis,mellis63@google.com.au,M,France,Product Management,52226.98
221,Nicholas,Perry,nperry64@irs.gov,M,China,Engineering,314396.23
222,Gregory,Fowler,gfowler65@facebook.com,M,Poland,Research and Development,258279.07
223,Bonnie,Cunningham,bcunningham66@ow.ly,F,Botswana,Marketing,390921.11
224,Christopher,Stewart,cstewart67@cdbaby.com,M,China,Human Resources,298713.3
225,Patrick,Hayes,phayes68@berkeley.edu,M,China,Legal,110134.71
226,Kenneth,Ramirez,kramirez69@taobao.com,M,Sweden,Business Development,183438.71
227,Dorothy,Patterson,dpatterson6a@vimeo.com,F,Russia,Research and Development,216833.93
228,Martin,Andrews,mandrews6b@aboutads.info,M,Greece,Accounting,345104.2
229,Donna,Garcia,dgarcia6c@angelfire.com,F,China,Support,444975.74
230,Kathy,Cooper,kcooper6d@eepurl.com,F,Philippines,Product Management,154590.12
231,Aaron,Kelly,akelly6e@discuz.net,M,Brazil,Human Resources,157575.81
232,Joseph,Berry,jberry6f@cdc.gov,M,Belgium,Business Development,373618.44
233,William,Jenkins,wjenkins6g@mac.com,M,Indonesia,Sales,66156.92
234,Roger,King,rking6h@infoseek.co.jp,M,Bolivia,Services,37157.31
235,William,Brooks,wbrooks6i@histats.com,M,Indonesia,Engineering,265959.01
236,Pamela,Ross,pross6j@etsy.com,F,Montenegro,Sales,491136.89
237,Cynthia,Freeman,cfreeman6k@forbes.com,F,China,Legal,193036.19
238,Joe,Tucker,jtucker6l@sohu.com,M,China,Support,442693.76
239,Mark,Rivera,mrivera6m@ihg.com,M,Philippines,Services,42149.86
240,Marie,Gonzalez,mgonzalez6n@hhs.gov,F,Indonesia,Research and Development,226156.7
241,Annie,Burton,aburton6o@mapquest.com,F,Russia,Legal,113532.43
242,Ann,Day,aday6p@ameblo.jp,F,Mexico,Research and Development,244428.83
243,Jack,Andrews,jandrews6q@w3.org,M,Argentina,Support,496127.68
244,Janet,Ross,jross6r@nature.com,F,Czech Republic,Support,44205.18
245,Amy,Butler,abutler6s@hexun.com,F,Netherlands,Services,208749.49
246,Alice,Andrews,aandrews6t@utexas.edu,F,Palestinian Territory,Marketing,471352.47
247,Denise,Peters,dpeters6u@studiopress.com,F,Portugal,Marketing,328228.32
248,Anna,Jacobs,ajacobs6v@intel.com,F,China,Marketing,234827.07
249,Ralph,Bishop,rbishop6w@spotify.com,M,Greece,Business Development,416222.24
250,Mark,Wheeler,mwheeler6x@51.la,M,Egypt,Product Management,266936.59
251,Theresa,Cook,tcook6y@europa.eu,F,Philippines,Accounting,315592.69
252,Paula,Wells,pwells6z@hatena.ne.jp,F,Philippines,Business Development,163079.78
253,Linda,Watkins,lwatkins70@theguardian.com,F,Poland,Services,142824.59
254,Catherine,Kelley,ckelley71@amazonaws.com,F,France,Product Management,317947.87
255,Joseph,Ellis,jellis72@woothemes.com,M,Nigeria,Legal,75272.79
256,Diana,Carter,dcarter73@tamu.edu,F,China,Marketing,113530.91
257,Jimmy,Cox,jcox74@ycombinator.com,M,China,Services,306112.71
258,Ruby,Simmons,rsimmons75@nyu.edu,F,Indonesia,Product Management,218775.51
259,Joshua,Cooper,jcooper76@wsj.com,M,Czech Republic,Human Resources,274863.31
260,Carlos,Turner,cturner77@newsvine.com,M,Nigeria,Engineering,363080.01
261,Johnny,Fuller,jfuller78@phoca.cz,M,Syria,Research and Development,280306.66
262,Phillip,Fowler,pfowler79@shinystat.com,M,Indonesia,Marketing,349341.68
263,Rose,Rogers,rrogers7a@simplemachines.org,F,United States,Legal,287802.72
264,Anne,Myers,amyers7b@biblegateway.com,F,Philippines,Services,293137.49
265,Albert,George,ageorge7c@weather.com,M,Myanmar,Business Development,213304.25
266,Albert,Brooks,abrooks7d@noaa.gov,M,Russia,Marketing,50934.12
267,Todd,Peterson,tpeterson7e@cbsnews.com,M,Mexico,Research and Development,235810.01
268,Jerry,Collins,jcollins7f@ask.com,M,Cameroon,Research and Development,436714.68
269,Joyce,Lawrence,jlawrence7g@sitemeter.com,F,Egypt,Research and Development,204310.57
270,Willie,Torres,wtorres7h@shop-pro.jp,M,Uzbekistan,Services,54451.88
271,Robin,Collins,rcollins7i@discovery.com,F,Japan,Training,426793.38
272,Louise,Lewis,llewis7j@cnn.com,F,Sweden,Support,359601.49
273,Chris,Powell,cpowell7k@gravatar.com,M,Colombia,Business Development,105584.92
274,Harold,Alvarez,halvarez7l@dmoz.org,M,Philippines,Research and Development,474863.5
275,Denise,Hall,dhall7m@joomla.org,F,Argentina,Human Resources,172179.62
276,Carol,Morris,cmorris7n@skyrock.com,F,Philippines,Training,31019.29
277,Paula,Franklin,pfranklin7o@homestead.com,F,Portugal,Research and Development,31325.55
278,Denise,Lopez,dlopez7p@taobao.com,F,China,Accounting,171957.4
279,Linda,Rivera,lrivera7q@slate.com,F,Ukraine,Legal,447679.98
280,Stephen,Fowler,sfowler7r@amazon.co.uk,M,Papua New Guinea,Research and Development,497197.47
281,Emily,Coleman,ecoleman7s@columbia.edu,F,Indonesia,Research and Development,221980.42
282,Carol,Sims,csims7t@taobao.com,F,China,Support,373764.42
283,Christopher,Cunningham,ccunningham7u@wp.com,M,Brazil,Training,280492.56
284,Gary,Foster,gfoster7v@patch.com,M,Luxembourg,Research and Development,307745.15
285,Helen,Reid,hreid7w@nature.com,F,Russia,Accounting,478340.67
286,Russell,Reyes,rreyes7x@admin.ch,M,Indonesia,Human Resources,103787.87
287,Maria,Gilbert,mgilbert7y@examiner.com,F,Canada,Legal,209817.11
288,Jimmy,Andrews,jandrews7z@posterous.com,M,Peru,Marketing,292060.27
289,Christopher,Riley,criley80@g.co,M,Ukraine,Human Resources,28547
290,Billy,Frazier,bfrazier81@youku.com,M,Peru,Services,53026.76
291,Jeffrey,Riley,jriley82@cnbc.com,M,Russia,Human Resources,36178.63
292,Robert,Woods,rwoods83@japanpost.jp,M,Canada,Services,275149.14
293,Betty,Grant,bgrant84@tamu.edu,F,Indonesia,Marketing,206452.9
294,Christine,Bradley,cbradley85@technorati.com,F,Philippines,Training,389948.87
295,Amanda,Myers,amyers86@discovery.com,F,Philippines,Product Management,115572.65
296,Teresa,Anderson,tanderson87@wsj.com,F,Czech Republic,Legal,417440.08
297,Amanda,Scott,ascott88@technorati.com,F,Ireland,Marketing,205972.83
298,Shirley,Riley,sriley89@hao123.com,F,Senegal,Training,298508.36
299,Wayne,Nichols,wnichols8a@biglobe.ne.jp,M,France,Services,147349.65
300,Anthony,Frazier,afrazier8b@disqus.com,M,Ukraine,Research and Development,91028.42
301,Andrew,Morales,amorales8c@miibeian.gov.cn,M,Portugal,Engineering,140288.38
302,William,Hunt,whunt8d@earthlink.net,M,Jamaica,Human Resources,124602.41
303,Cynthia,Hamilton,chamilton8e@nih.gov,F,Portugal,Product Management,23022.71
304,Chris,Walker,cwalker8f@abc.net.au,M,South Korea,Product Management,436779.43
305,Ashley,Brooks,abrooks8g@feedburner.com,F,Indonesia,Support,208648.39
306,Thomas,Allen,tallen8h@nydailynews.com,M,Peru,Research and Development,113237.81
307,Paul,Fisher,pfisher8i@phoca.cz,M,Indonesia,Marketing,394249.17
308,Kimberly,Tucker,ktucker8j@globo.com,F,Poland,Accounting,64951.18
309,Dorothy,Duncan,dduncan8k@berkeley.edu,F,China,Research and Development,346167.79
310,Randy,Gordon,rgordon8l@icq.com,M,France,Support,473092.78
311,Evelyn,Wagner,ewagner8m@skype.com,F,Czech Republic,Accounting,497208.12
312,Joe,Armstrong,jarmstrong8n@bbb.org,M,Afghanistan,Services,463463.95
313,Juan,Boyd,jboyd8o@miitbeian.gov.cn,M,China,Training,173686.62
314,Roy,Castillo,rcastillo8p@statcounter.com,M,Norway,Sales,208541.45
315,Howard,Cook,hcook8q@bing.com,M,China,Training,335541.39
316,Denise,Johnston,djohnston8r@g.co,F,United States,Product Management,61512.15
317,Julia,Young,jyoung8s@craigslist.org,F,Sweden,Business Development,156826.77
318,Theresa,Cruz,tcruz8t@noaa.gov,F,France,Product Management,368207.42
319,Julia,Burke,jburke8u@joomla.org,F,Canada,Human Resources,38601.08
320,Alice,Richards,arichards8v@4shared.com,F,Philippines,Accounting,264892.48
321,Joan,Cooper,jcooper8w@nasa.gov,F,Indonesia,Research and Development,14841.44
322,Julia,Schmidt,jschmidt8x@who.int,F,Nigeria,Sales,100827
323,Janice,Lopez,jlopez8y@nifty.com,F,Brazil,Research and Development,27771.17
324,Todd,Ellis,tellis8z@barnesandnoble.com,M,El Salvador,Accounting,451470.78
325,Ronald,Perez,rperez90@51.la,M,Western Sahara,Legal,204345.2
326,Philip,Alexander,palexander91@cornell.edu,M,Kenya,Research and Development,20947.58
327,Jennifer,Austin,jaustin92@liveinternet.ru,F,China,Research and Development,392760.47
328,Paula,Burton,pburton93@booking.com,F,Vietnam,Human Resources,86373.74
329,Marilyn,Jacobs,mjacobs94@hao123.com,F,South Korea,Business Development,216273.47
330,Carolyn,Wells,cwells95@yale.edu,F,Poland,Accounting,13115.69
331,Antonio,Carter,acarter96@spotify.com,M,Nicaragua,Training,220979.87
332,Robert,Olson,rolson97@wix.com,M,China,Support,415985.75
333,Rachel,Bennett,rbennett98@princeton.edu,F,China,Services,439055.87
334,Eugene,Gutierrez,egutierrez99@ehow.com,M,Brazil,Research and Development,314596.57
335,Beverly,Carter,bcarter9a@feedburner.com,F,Philippines,Human Resources,35003.06
336,Linda,Burton,lburton9b@sina.com.cn,F,Portugal,Marketing,295102.89
337,Jeffrey,Martin,jmartin9c@ameblo.jp,M,Mexico,Marketing,256281.12
338,Beverly,Hamilton,bhamilton9d@skyrock.com,F,China,Product Management,379989.87
339,Janice,Bradley,jbradley9e@angelfire.com,F,Philippines,Marketing,305486.74
340,Thomas,Rogers,trogers9f@samsung.com,M,Brazil,Legal,483411.37
341,Terry,Wells,twells9g@twitpic.com,M,Venezuela,Accounting,147287.31
342,Debra,Matthews,dmatthews9h@merriam-webster.com,F,China,Legal,440694.69
343,Justin,Dean,jdean9i@nbcnews.com,M,Brazil,Training,62942.18
344,Lillian,Adams,ladams9j@techcrunch.com,F,Philippines,Support,199486.59
345,Daniel,Bowman,dbowman9k@independent.co.uk,M,China,Human Resources,442296.14
346,Phyllis,Evans,pevans9l@wikia.com,F,Indonesia,Legal,284342.4
347,Frank,Ramirez,framirez9m@de.vu,M,Kenya,Business Development,86972.43
348,Doris,Wagner,dwagner9n@europa.eu,F,Norway,Sales,244339.5
349,Brandon,Garza,bgarza9o@lycos.com,M,Canada,Legal,178842.68
350,Shawn,Olson,solson9p@nbcnews.com,M,Indonesia,Legal,365084.13
351,David,Alexander,dalexander9q@shinystat.com,M,China,Marketing,388158.17
352,James,Jordan,jjordan9r@kickstarter.com,M,Russia,Training,251655.88
353,Gerald,Holmes,gholmes9s@cdc.gov,M,China,Marketing,292817.5
354,Chris,Ramos,cramos9t@etsy.com,M,Morocco,Training,290327.74
355,Marilyn,Patterson,mpatterson9u@weebly.com,F,Nigeria,Legal,243863.36
356,Cynthia,Martinez,cmartinez9v@cbc.ca,F,Spain,Services,28463.32
357,Timothy,James,tjames9w@bigcartel.com,M,Colombia,Training,43609.7
358,Nancy,Hunt,nhunt9x@wired.com,F,Portugal,Engineering,278769.21
359,Christine,Pierce,cpierce9y@ucsd.edu,F,Brazil,Sales,189703.02
360,Brandon,Evans,bevans9z@nba.com,M,Argentina,Business Development,425165.13
361,Patricia,Gonzalez,pgonzaleza0@bigcartel.com,F,Croatia,Accounting,62159.83
362,George,Mendoza,gmendozaa1@deliciousdays.com,M,Nigeria,Human Resources,364249.01
363,Steve,Carpenter,scarpentera2@vk.com,M,Indonesia,Accounting,331236.62
364,Kathy,Fuller,kfullera3@google.nl,F,Nigeria,Human Resources,482749.56
365,Katherine,Shaw,kshawa4@ow.ly,F,Colombia,Legal,409142.82
366,Angela,Washington,awashingtona5@bbc.co.uk,F,China,Product Management,371964.34
367,Howard,Thomas,hthomasa6@hhs.gov,M,Indonesia,Training,393162.83
368,Anthony,Watson,awatsona7@booking.com,M,Nicaragua,Research and Development,17939.22
369,Johnny,Ferguson,jfergusona8@youku.com,M,Indonesia,Product Management,69065.23
370,Barbara,Graham,bgrahama9@lycos.com,F,Sweden,Support,221821.57
371,Earl,Long,elongaa@edublogs.org,M,Colombia,Research and Development,249478.26
372,Ruth,Edwards,redwardsab@sciencedirect.com,F,Honduras,Accounting,429204.92
373,Willie,Carr,wcarrac@blogtalkradio.com,M,China,Services,306703.21
374,Joan,Murphy,jmurphyad@ted.com,F,Georgia,Training,169870.79
375,Richard,Wallace,rwallaceae@naver.com,M,Brazil,Training,177860.36
376,Raymond,Campbell,rcampbellaf@alexa.com,M,Pakistan,Support,427294.79
377,Jesse,Perry,jperryag@prnewswire.com,M,Colombia,Product Management,315933.76
378,Jeffrey,Jacobs,jjacobsah@wp.com,M,China,Engineering,168785.01
379,Terry,Gordon,tgordonai@house.gov,M,Panama,Legal,436250.44
380,Frances,Hudson,fhudsonaj@jugem.jp,F,China,Services,357224.58
381,Carlos,Andrews,candrewsak@pagesperso-orange.fr,M,Vietnam,Marketing,432652.34
382,Mary,Martin,mmartinal@mediafire.com,F,Nicaragua,Product Management,35404.82
383,Cheryl,Bishop,cbishopam@simplemachines.org,F,Iran,Product Management,346466.26
384,Sarah,Sanders,ssandersan@nature.com,F,France,Sales,194492.6
385,Phyllis,Willis,pwillisao@networkadvertising.org,F,Aland Islands,Research and Development,491801.33
386,Steven,Holmes,sholmesap@imageshack.us,M,Sweden,Engineering,87791.3
387,Donna,Alvarez,dalvarezaq@trellian.com,F,Ghana,Services,92822.74
388,Katherine,Gordon,kgordonar@ihg.com,F,China,Human Resources,270583.22
389,Rose,Bennett,rbennettas@columbia.edu,F,China,Engineering,275051.17
390,Jimmy,Mcdonald,jmcdonaldat@aol.com,M,Burundi,Human Resources,394495.87
391,Mary,Carr,mcarrau@sphinn.com,F,Poland,Sales,16983.87
392,Diane,Matthews,dmatthewsav@ca.gov,F,Indonesia,Support,95114.08
393,Roger,Moore,rmooreaw@mediafire.com,M,Philippines,Engineering,419826.37
394,Beverly,Woods,bwoodsax@flickr.com,F,Yemen,Engineering,85444.87
395,Irene,Perry,iperryay@cdbaby.com,F,China,Training,349863.21
396,Charles,Banks,cbanksaz@weebly.com,M,Philippines,Services,39930.68
397,Ruth,Lawson,rlawsonb0@studiopress.com,F,Iraq,Accounting,162639.37
398,Phyllis,Riley,prileyb1@icio.us,F,Brazil,Accounting,339560.62
399,Denise,Garcia,dgarciab2@oakley.com,F,Czech Republic,Legal,266366.54
400,Gary,Stephens,gstephensb3@businessweek.com,M,Greece,Research and Development,71930.38
401,Steve,Hamilton,shamiltonb4@mashable.com,M,China,Human Resources,146485.14
402,Carlos,Russell,crussellb5@mapy.cz,M,United States,Human Resources,104738.06
403,Kevin,Collins,kcollinsb6@ycombinator.com,M,Portugal,Engineering,471042.14
404,Sandra,Chapman,schapmanb7@comcast.net,F,Indonesia,Support,302085.53
405,Roy,Lewis,rlewisb8@people.com.cn,M,South Korea,Sales,427933.52
406,Anthony,Arnold,aarnoldb9@bluehost.com,M,Canada,Legal,475681.1
407,Bruce,Warren,bwarrenba@w3.org,M,China,Services,434978.24
408,David,Washington,dwashingtonbb@columbia.edu,M,China,Legal,84073.16
409,Gregory,Evans,gevansbc@phpbb.com,M,China,Services,346950.13
410,Nicholas,Wood,nwoodbd@cnet.com,M,Indonesia,Legal,247119.83
411,Jennifer,Porter,jporterbe@uol.com.br,F,Brazil,Human Resources,366801.4
412,Dorothy,Lawrence,dlawrencebf@google.ca,F,Kenya,Business Development,262159.52
413,Howard,Harvey,hharveybg@mediafire.com,M,China,Marketing,40962.11
414,Jacqueline,Simpson,jsimpsonbh@bigcartel.com,F,Peru,Sales,388481.59
415,Marilyn,Adams,madamsbi@hugedomains.com,F,Brazil,Engineering,459225.4
416,Brian,Medina,bmedinabj@freewebs.com,M,Venezuela,Sales,40058.81
417,Alice,Lewis,alewisbk@newsvine.com,F,France,Legal,259690.08
418,Judith,Simpson,jsimpsonbl@hhs.gov,F,Sweden,Training,108200.73
419,Michelle,Harrison,mharrisonbm@bloglovin.com,F,Japan,Engineering,98931.85
420,Justin,Daniels,jdanielsbn@europa.eu,M,South Korea,Business Development,389424.41
421,Shirley,Little,slittlebo@hhs.gov,F,China,Sales,385815.52
422,Victor,Wood,vwoodbp@google.pl,M,Portugal,Legal,454084.36
423,Roy,Carpenter,rcarpenterbq@wufoo.com,M,Peru,Business Development,101720.66
424,Gary,Peterson,gpetersonbr@forbes.com,M,Colombia,Product Management,94311.98
425,Jack,Thompson,jthompsonbs@skype.com,M,Indonesia,Engineering,462785.27
426,Diane,Lopez,dlopezbt@mail.ru,F,Brazil,Human Resources,126545.11
427,Martha,Stanley,mstanleybu@google.com.au,F,France,Marketing,178421.57
428,Carl,Hunt,chuntbv@sciencedirect.com,M,Canada,Product Management,498767.66
429,Jack,Lee,jleebw@dagondesign.com,M,Sweden,Training,152397
430,Janice,Meyer,jmeyerbx@aboutads.info,F,Russia,Accounting,254061.27
431,Joseph,Wood,jwoodby@de.vu,M,Portugal,Services,388294.42
432,Cynthia,Freeman,cfreemanbz@paypal.com,F,Thailand,Marketing,470655.93
433,Louise,George,lgeorgec0@accuweather.com,F,Philippines,Engineering,137501.01
434,Bobby,Watkins,bwatkinsc1@state.gov,M,China,Services,395962.06
435,Alice,Montgomery,amontgomeryc2@jugem.jp,F,Peru,Legal,220145.89
436,Lawrence,Carr,lcarrc3@sogou.com,M,Egypt,Legal,55237.32
437,Annie,Thomas,athomasc4@reverbnation.com,F,Ethiopia,Sales,112973.28
438,Sandra,Gilbert,sgilbertc5@tamu.edu,F,Burkina Faso,Services,59701.42
439,Martha,Long,mlongc6@smugmug.com,F,Russia,Product Management,256937.48
440,Benjamin,Elliott,belliottc7@blogspot.com,M,China,Product Management,101585.78
441,Johnny,Mason,jmasonc8@ucoz.ru,M,Russia,Accounting,86167.6
442,Martha,Lewis,mlewisc9@lycos.com,F,Philippines,Business Development,153302.18
443,Aaron,Bryant,abryantca@hexun.com,M,Seychelles,Engineering,445174.16
444,Virginia,Ford,vfordcb@google.com.br,F,Philippines,Engineering,79258.75
445,Joan,Hall,jhallcc@surveymonkey.com,F,China,Human Resources,165203.28
446,Clarence,Scott,cscottcd@csmonitor.com,M,Czech Republic,Human Resources,408288.75
447,Robin,Torres,rtorresce@theatlantic.com,F,United States,Business Development,63897.52
448,Fred,Roberts,frobertscf@sourceforge.net,M,Norway,Marketing,49888.05
449,Michelle,Jones,mjonescg@yellowbook.com,F,China,Legal,115625.84
450,Ann,Day,adaych@nifty.com,F,Peru,Legal,146910.51
451,Barbara,Lawrence,blawrenceci@tripod.com,F,South Korea,Product Management,173087.39
452,Martha,Reynolds,mreynoldscj@addthis.com,F,Vietnam,Legal,254727.67
453,Fred,Carter,fcarterck@aol.com,M,Macedonia,Human Resources,218805.28
454,Randy,Franklin,rfranklincl@umn.edu,M,China,Human Resources,175856.71
455,Lisa,Peters,lpeterscm@un.org,F,China,Business Development,12856.06
456,Stephanie,Andrews,sandrewscn@posterous.com,F,Japan,Sales,491839
457,Lois,Cook,lcookco@shareasale.com,F,Indonesia,Human Resources,283694.21
458,Catherine,Burns,cburnscp@dropbox.com,F,China,Research and Development,209114.63
459,Bonnie,Fox,bfoxcq@livejournal.com,F,China,Services,380040.9
460,Frances,Reed,freedcr@is.gd,F,Thailand,Legal,318241.64
461,Sean,Wright,swrightcs@soundcloud.com,M,Russia,Product Management,184929.41
462,Patricia,Harvey,pharveyct@seattletimes.com,F,China,Research and Development,166258.06
463,John,Bailey,jbaileycu@marriott.com,M,China,Accounting,46354.32
464,Julie,Crawford,jcrawfordcv@usnews.com,F,Colombia,Training,338173.35
465,Dorothy,Murray,dmurraycw@indiatimes.com,F,Philippines,Marketing,99153.92
466,Juan,Scott,jscottcx@about.me,M,Nigeria,Accounting,248630.46
467,Lois,Palmer,lpalmercy@dmoz.org,F,Brazil,Sales,460307.21
468,Diana,Schmidt,dschmidtcz@spiegel.de,F,Japan,Business Development,93419.8
469,Rachel,Wilson,rwilsond0@google.ru,F,China,Human Resources,465279
470,Wanda,Howell,whowelld1@phpbb.com,F,China,Support,484647.67
471,Sean,Ross,srossd2@techcrunch.com,M,Brazil,Services,458642.49
472,Donna,Burns,dburnsd3@google.com.br,F,Chile,Sales,478129.06
473,Maria,Rodriguez,mrodriguezd4@oakley.com,F,Sweden,Product Management,284941.17
474,Paul,Kim,pkimd5@toplist.cz,M,China,Services,215416.51
475,Douglas,Austin,daustind6@deviantart.com,M,Portugal,Marketing,324248.62
476,Kathryn,Burke,kburked7@uiuc.edu,F,United States,Services,413634.38
477,Carolyn,Hayes,chayesd8@columbia.edu,F,China,Training,174039.1
478,Richard,Kim,rkimd9@disqus.com,M,Belgium,Business Development,324655.24
479,Frank,Hernandez,fhernandezda@sphinn.com,M,Venezuela,Services,430314.97
480,Joyce,Nguyen,jnguyendb@newsvine.com,F,Brazil,Business Development,308616.98
481,Willie,Bradley,wbradleydc@washingtonpost.com,M,Burkina Faso,Human Resources,175848.97
482,Susan,Morales,smoralesdd@amazon.com,F,Indonesia,Engineering,464425.92
483,Diane,Garcia,dgarciade@123-reg.co.uk,F,Russia,Training,488013.19
484,Craig,Payne,cpaynedf@usnews.com,M,Portugal,Research and Development,200307.92
485,Bonnie,Young,byoungdg@hao123.com,F,France,Engineering,286749.79
486,Laura,Franklin,lfranklindh@va.gov,F,Russia,Legal,260462.26
487,Robert,Graham,rgrahamdi@businessinsider.com,M,Thailand,Services,159419.21
488,Mary,Price,mpricedj@nba.com,F,Indonesia,Legal,29700.6
489,Edward,Castillo,ecastillodk@squidoo.com,M,Poland,Services,380075.26
490,Robert,Moore,rmooredl@ft.com,M,Argentina,Accounting,206032.47
491,Gary,Riley,grileydm@alexa.com,M,South Africa,Engineering,258438.28
492,Richard,Hudson,rhudsondn@weibo.com,M,Indonesia,Services,259825
493,Joseph,Carr,jcarrdo@ycombinator.com,M,Indonesia,Services,63282.96
494,Elizabeth,Kelly,ekellydp@engadget.com,F,Brazil,Business Development,487786.3
495,Donald,Fuller,dfullerdq@istockphoto.com,M,Poland,Support,250228.35
496,Scott,Ray,sraydr@free.fr,M,Portugal,Engineering,460095.42
497,Scott,Wagner,swagnerds@addthis.com,M,United States,Research and Development,27997.24
498,Beverly,Robinson,brobinsondt@about.com,F,Brazil,Legal,481320.81
499,Martin,Wood,mwooddu@ftc.gov,M,Thailand,Accounting,218156.83
500,Judith,Sanchez,jsanchezdv@sun.com,F,Indonesia,Business Development,410344.23
501,Philip,Frazier,pfrazierdw@indiatimes.com,M,Mali,Training,302132.15
502,Karen,Griffin,kgriffindx@vkontakte.ru,F,Latvia,Research and Development,62790.24
503,Bonnie,Collins,bcollinsdy@earthlink.net,F,Peru,Legal,251839.91
504,Mary,Nichols,mnicholsdz@stanford.edu,F,China,Services,261635.67
505,James,Palmer,jpalmere0@digg.com,M,Greece,Marketing,233020.43
506,Stephanie,Lynch,slynche1@wordpress.com,F,Netherlands,Services,247877.83
507,Wanda,Oliver,wolivere2@irs.gov,F,Iran,Research and Development,291924.75
508,Ann,Castillo,acastilloe3@weebly.com,F,China,Human Resources,331363.54
509,Joe,Clark,jclarke4@salon.com,M,South Korea,Marketing,393297.13
510,Dennis,Jenkins,djenkinse5@springer.com,M,Philippines,Engineering,116066.62
511,Thomas,Peters,tpeterse6@amazon.co.jp,M,Indonesia,Legal,317379.69
512,Barbara,Snyder,bsnydere7@google.ca,F,Indonesia,Accounting,245607.22
513,Matthew,Kelley,mkelleye8@weebly.com,M,Portugal,Research and Development,65196.55
514,Jeremy,Gonzalez,jgonzaleze9@google.it,M,Russia,Accounting,477344.35
515,Martha,Gomez,mgomezea@ft.com,F,China,Engineering,398466.44
516,Jerry,Hawkins,jhawkinseb@yellowpages.com,M,China,Sales,417385.54
517,Anna,Robertson,arobertsonec@csmonitor.com,F,Colombia,Human Resources,93494.16
518,Shirley,Cooper,scoopered@smh.com.au,F,China,Training,217405.59
519,Matthew,Stanley,mstanleyee@amazon.de,M,Uruguay,Training,191147.56
520,Ann,Armstrong,aarmstrongef@flickr.com,F,Tanzania,Business Development,172006.29
521,Amy,Reed,areedeg@google.de,F,Azerbaijan,Training,479737.19
522,Tammy,Price,tpriceeh@cbsnews.com,F,Greece,Product Management,137900
523,Patricia,Cox,pcoxei@mapy.cz,F,Mexico,Support,362970.95
524,Robert,Jones,rjonesej@tinypic.com,M,Venezuela,Sales,398865.29
525,Carlos,Fuller,cfullerek@arstechnica.com,M,Nicaragua,Legal,167370.73
526,Lois,Romero,lromeroel@ask.com,F,Japan,Human Resources,76001.39
527,Jeffrey,Boyd,jboydem@diigo.com,M,Philippines,Marketing,188337.76
528,Michael,Gonzales,mgonzalesen@imdb.com,M,Armenia,Legal,295675.21
529,Mark,Thompson,mthompsoneo@infoseek.co.jp,M,Angola,Human Resources,143015.09
530,Douglas,Brown,dbrownep@geocities.jp,M,Brazil,Accounting,257009.61
531,Todd,Sullivan,tsullivaneq@digg.com,M,Colombia,Human Resources,429940.23
532,Robert,Murphy,rmurphyer@springer.com,M,Indonesia,Training,312861.64
533,Sean,Palmer,spalmeres@bluehost.com,M,Norway,Legal,92920.37
534,Philip,Wallace,pwallaceet@utexas.edu,M,Russia,Support,60675.97
535,Nicholas,Lawson,nlawsoneu@nasa.gov,M,Mauritius,Product Management,95026.33
536,Roger,Rice,rriceev@alexa.com,M,Vietnam,Engineering,436766.28
537,Ernest,Morales,emoralesew@4shared.com,M,Kenya,Services,278186.32
538,Jessica,Hart,jhartex@theglobeandmail.com,F,South Korea,Research and Development,187447.3
539,Craig,Robertson,crobertsoney@multiply.com,M,Thailand,Product Management,241734.75
540,James,Kennedy,jkennedyez@apache.org,M,China,Accounting,396292.48
541,Keith,Cox,kcoxf0@t-online.de,M,Portugal,Marketing,145742.05
542,Kathleen,Taylor,ktaylorf1@pinterest.com,F,Tunisia,Marketing,281582.01
543,Lawrence,Cunningham,lcunninghamf2@desdev.cn,M,Madagascar,Business Development,168114.65
544,Alice,Price,apricef3@bizjournals.com,F,Iran,Accounting,341654.47
545,Alan,Watson,awatsonf4@tripadvisor.com,M,Indonesia,Business Development,363928.67
546,Julie,Scott,jscottf5@soup.io,F,Russia,Engineering,447417.27
547,Jerry,Walker,jwalkerf6@reddit.com,M,Costa Rica,Legal,90774.96
548,Elizabeth,Rogers,erogersf7@newyorker.com,F,Sweden,Business Development,414106.96
549,Jose,Collins,jcollinsf8@free.fr,M,Iran,Research and Development,480831.43
550,Shawn,Greene,sgreenef9@yellowpages.com,M,France,Engineering,295258.54
551,Brandon,Stevens,bstevensfa@nhs.uk,M,China,Business Development,449865.27
552,Virginia,Rice,vricefb@globo.com,F,China,Human Resources,291969.07
553,Bonnie,Mcdonald,bmcdonaldfc@sina.com.cn,F,Sweden,Marketing,257556.16
554,Louise,Sullivan,lsullivanfd@nature.com,F,Italy,Human Resources,74700.5
555,Diana,Ferguson,dfergusonfe@spiegel.de,F,Indonesia,Product Management,160990.22
556,Johnny,Rice,jriceff@zimbio.com,M,Russia,Sales,226857.43
557,Catherine,Morris,cmorrisfg@blog.com,F,Ecuador,Sales,138817.75
558,Bobby,Reid,breidfh@archive.org,M,China,Sales,251494.61
559,Adam,Bradley,abradleyfi@yellowbook.com,M,Albania,Product Management,314076.28
560,Marilyn,Diaz,mdiazfj@gov.uk,F,Lesotho,Business Development,30106.35
561,Philip,Rice,pricefk@jimdo.com,M,Argentina,Research and Development,177473.92
562,Harold,Reyes,hreyesfl@mapquest.com,M,China,Engineering,422764.92
563,David,Walker,dwalkerfm@desdev.cn,M,Peru,Training,97740.13
564,John,Kim,jkimfn@hhs.gov,M,China,Support,103673.59
565,Betty,Porter,bporterfo@ocn.ne.jp,F,Indonesia,Human Resources,163033.21
566,Roy,Stewart,rstewartfp@ihg.com,M,Russia,Support,314165.52
567,Stephanie,Ross,srossfq@themeforest.net,F,Portugal,Research and Development,427684.41
568,Diane,Webb,dwebbfr@netlog.com,F,Thailand,Product Management,221719.79
569,Alan,Mitchell,amitchellfs@nba.com,M,Thailand,Training,194196.12
570,Heather,Wagner,hwagnerft@bloglovin.com,F,Spain,Human Resources,80057.18
571,Shawn,James,sjamesfu@livejournal.com,M,United States,Training,266126.6
572,Elizabeth,Phillips,ephillipsfv@multiply.com,F,Yemen,Product Management,391839.97
573,Christine,Weaver,cweaverfw@cnet.com,F,Brazil,Services,201777.89
574,Alice,Hamilton,ahamiltonfx@hatena.ne.jp,F,Philippines,Marketing,298716.77
575,Kimberly,Scott,kscottfy@artisteer.com,F,Canada,Business Development,150861.88
576,Bruce,Marshall,bmarshallfz@biblegateway.com,M,China,Research and Development,94346.53
577,James,Romero,jromerog0@nytimes.com,M,China,Training,499327.98
578,Samuel,Turner,sturnerg1@microsoft.com,M,South Africa,Research and Development,300686.13
579,Diana,Myers,dmyersg2@craigslist.org,F,Poland,Legal,164106.95
580,Jerry,Cole,jcoleg3@plala.or.jp,M,Philippines,Business Development,191510.47
581,Bonnie,Cox,bcoxg4@people.com.cn,F,Macedonia,Business Development,176427.94
582,Patricia,Gibson,pgibsong5@bing.com,F,Norway,Marketing,410523.71
583,Tammy,Reyes,treyesg6@alexa.com,F,Philippines,Marketing,173414.46
584,Jack,Nichols,jnicholsg7@dell.com,M,China,Legal,401697.41
585,Ralph,Hicks,rhicksg8@hc360.com,M,Canada,Human Resources,69586.78
586,Harold,Vasquez,hvasquezg9@berkeley.edu,M,Indonesia,Support,303252.84
587,Elizabeth,Larson,elarsonga@xrea.com,F,China,Business Development,127939.17
588,Helen,Clark,hclarkgb@aol.com,F,Serbia,Legal,382736.37
589,Lillian,Warren,lwarrengc@ibm.com,F,Philippines,Sales,320302.01
590,Judy,Ross,jrossgd@cpanel.net,F,Philippines,Legal,25955.27
591,Harry,Warren,hwarrenge@salon.com,M,Finland,Marketing,447867.01
592,Emily,Garza,egarzagf@nbcnews.com,F,Russia,Legal,184390.62
593,Adam,Franklin,afranklingg@desdev.cn,M,Russia,Sales,374758.4
594,Irene,Moore,imooregh@topsy.com,F,Colombia,Product Management,241906.8
595,Benjamin,Fuller,bfullergi@imgur.com,M,Philippines,Sales,470988.81
596,Aaron,Lopez,alopezgj@youtube.com,M,Philippines,Legal,312822.02
597,George,Jordan,gjordangk@quantcast.com,M,South Africa,Support,296142.85
598,Gloria,Jones,gjonesgl@msn.com,F,China,Accounting,495260.71
599,Elizabeth,Dean,edeangm@nhs.uk,F,Finland,Sales,73885.5
600,Chris,Russell,crussellgn@ox.ac.uk,M,China,Marketing,49867.01
601,Frank,Murphy,fmurphygo@freewebs.com,M,China,Engineering,240119.8
602,Martin,Gordon,mgordongp@independent.co.uk,M,Finland,Product Management,35353.24
603,Stephanie,Kennedy,skennedygq@intel.com,F,Ethiopia,Legal,147118.33
604,Craig,Arnold,carnoldgr@hibu.com,M,Philippines,Marketing,110846.38
605,Paula,Dixon,pdixongs@moonfruit.com,F,Portugal,Support,156539.07
606,Benjamin,Stephens,bstephensgt@soup.io,M,Russia,Training,170263.92
607,Gary,Parker,gparkergu@wikispaces.com,M,Benin,Marketing,275383.4
608,Mildred,Ford,mfordgv@microsoft.com,F,Russia,Services,360038.77
609,Teresa,Anderson,tandersongw@smh.com.au,F,Malaysia,Product Management,105232.27
610,Wayne,Fernandez,wfernandezgx@acquirethisname.com,M,Colombia,Engineering,423677.44
611,Phillip,Henry,phenrygy@archive.org,M,Botswana,Engineering,363515.03
612,Matthew,Lane,mlanegz@reference.com,M,Canada,Human Resources,408955.96
613,Jeremy,Evans,jevansh0@bloglines.com,M,Canada,Accounting,229166.19
614,Evelyn,Wallace,ewallaceh1@gizmodo.com,F,Paraguay,Legal,446580.47
615,Wanda,Reyes,wreyesh2@pbs.org,F,China,Marketing,177026.06
616,Katherine,Wood,kwoodh3@reddit.com,F,China,Research and Development,149565.35
617,Terry,Weaver,tweaverh4@fda.gov,M,Guatemala,Business Development,266582.58
618,Brian,Cox,bcoxh5@instagram.com,M,Ukraine,Marketing,343811.37
619,Kelly,Alexander,kalexanderh6@theatlantic.com,F,Philippines,Business Development,20140.1
620,Alice,Parker,aparkerh7@earthlink.net,F,China,Accounting,139724.83
621,Annie,Rose,aroseh8@hao123.com,F,Philippines,Sales,42331.18
622,Jesse,Rose,jroseh9@studiopress.com,M,Guatemala,Services,100243.11
623,Sandra,Stanley,sstanleyha@princeton.edu,F,Venezuela,Support,234798.18
624,Wanda,Castillo,wcastillohb@google.ca,F,Palestinian Territory,Support,467861.58
625,Catherine,Chavez,cchavezhc@booking.com,F,Tunisia,Accounting,43469.68
626,John,Reid,jreidhd@usda.gov,M,China,Services,259476.65
627,Teresa,Day,tdayhe@jalbum.net,F,Brazil,Accounting,395837.65
628,Joseph,Thomas,jthomashf@timesonline.co.uk,M,China,Engineering,98214.04
629,Bobby,Harrison,bharrisonhg@geocities.com,M,Sweden,Training,401895.83
630,Matthew,Reyes,mreyeshh@xing.com,M,Brazil,Legal,156987.19
631,Marilyn,Wood,mwoodhi@ca.gov,F,United States,Marketing,148412.02
632,Martin,Fisher,mfisherhj@weibo.com,M,France,Sales,79253.3
633,Daniel,Marshall,dmarshallhk@exblog.jp,M,Aruba,Research and Development,386978.03
634,Ralph,Fuller,rfullerhl@symantec.com,M,Argentina,Human Resources,226661.37
635,Christine,Taylor,ctaylorhm@sogou.com,F,Sweden,Engineering,319027.97
636,Henry,Kennedy,hkennedyhn@sun.com,M,Czech Republic,Marketing,478202.68
637,Lisa,Reed,lreedho@prlog.org,F,Japan,Support,375565.86
638,Fred,Gardner,fgardnerhp@about.me,M,Japan,Services,497164.58
639,Kathleen,Olson,kolsonhq@diigo.com,F,Sweden,Support,384093.82
640,Dennis,Jackson,djacksonhr@odnoklassniki.ru,M,China,Business Development,433319.09
641,Joan,Torres,jtorreshs@symantec.com,F,Ukraine,Marketing,178353.72
642,Lillian,Torres,ltorresht@usgs.gov,F,Czech Republic,Support,363661.01
643,Gerald,Andrews,gandrewshu@wufoo.com,M,Portugal,Business Development,15161.84
644,Ryan,Chavez,rchavezhv@tmall.com,M,Finland,Sales,490215.09
645,Evelyn,Gilbert,egilberthw@china.com.cn,F,Guatemala,Human Resources,286980.97
646,Margaret,Shaw,mshawhx@intel.com,F,South Africa,Research and Development,463512.81
647,Donald,Carroll,dcarrollhy@microsoft.com,M,Russia,Support,49377.39
648,Deborah,Garza,dgarzahz@seattletimes.com,F,Indonesia,Human Resources,405679.29
649,Martha,Edwards,medwardsi0@eventbrite.com,F,United States,Business Development,392728.64
650,Jacqueline,Garrett,jgarretti1@dyndns.org,F,Albania,Support,362571.19
651,Eugene,Morales,emoralesi2@omniture.com,M,Sweden,Sales,288192.71
652,Jacqueline,Ford,jfordi3@ask.com,F,Vietnam,Accounting,191374.51
653,Raymond,Patterson,rpattersoni4@about.com,M,Kazakhstan,Services,128416.98
654,Elizabeth,Garrett,egarretti5@studiopress.com,F,Russia,Accounting,106691.87
655,Walter,Reyes,wreyesi6@linkedin.com,M,Mexico,Engineering,215926.34
656,Brenda,Ryan,bryani7@ocn.ne.jp,F,Russia,Sales,36476.22
657,Virginia,Johnson,vjohnsoni8@economist.com,F,Russia,Services,31736.48
658,Shawn,Ryan,sryani9@mac.com,M,Vietnam,Accounting,397083.32
659,Jacqueline,Dixon,jdixonia@cargocollective.com,F,Indonesia,Engineering,103681.31
660,Carlos,Gilbert,cgilbertib@altervista.org,M,Greece,Support,292754.18
661,Amanda,Greene,agreeneic@utexas.edu,F,Brazil,Legal,90237.31
662,Ronald,Foster,rfosterid@360.cn,M,Argentina,Training,125684.83
663,Jeffrey,Harper,jharperie@imdb.com,M,China,Engineering,368845.1
664,Jack,Hughes,jhughesif@craigslist.org,M,Angola,Services,374932.96
665,Karen,Hernandez,khernandezig@xrea.com,F,Indonesia,Marketing,135733.07
666,Earl,Bradley,ebradleyih@sohu.com,M,Afghanistan,Human Resources,336310.11
667,Andrew,Day,adayii@biglobe.ne.jp,M,China,Engineering,72966.08
668,Charles,Rose,croseij@alibaba.com,M,Czech Republic,Research and Development,40759.82
669,Nicholas,Fowler,nfowlerik@squidoo.com,M,Benin,Marketing,293465.72
670,Eric,Young,eyoungil@geocities.jp,M,Russia,Legal,351517.29
671,Jimmy,Gordon,jgordonim@psu.edu,M,Indonesia,Accounting,250597.81
672,Keith,Mccoy,kmccoyin@paginegialle.it,M,Brazil,Engineering,29379.47
673,Martha,Lane,mlaneio@surveymonkey.com,F,Russia,Product Management,391191.29
674,Joyce,Campbell,jcampbellip@webmd.com,F,Czech Republic,Marketing,91642.65
675,Joyce,Martinez,jmartineziq@unblog.fr,F,Philippines,Marketing,126076.79
676,Irene,Kim,ikimir@cnet.com,F,Micronesia,Research and Development,321942.21
677,Elizabeth,Griffin,egriffinis@jimdo.com,F,China,Training,376277.19
678,Carolyn,Perry,cperryit@marriott.com,F,Dominican Republic,Human Resources,116190.1
679,Amy,Ray,arayiu@washington.edu,F,Brazil,Engineering,486665.19
680,Mildred,Burns,mburnsiv@irs.gov,F,China,Training,353874.48
681,Bonnie,Rice,briceiw@umich.edu,F,Argentina,Business Development,373161.14
682,John,Stevens,jstevensix@dagondesign.com,M,Canada,Accounting,42334.06
683,Earl,Brooks,ebrooksiy@parallels.com,M,Madagascar,Support,55583.44
684,Craig,Mccoy,cmccoyiz@ifeng.com,M,Peru,Legal,174081.74
685,Alice,Meyer,ameyerj0@independent.co.uk,F,Ukraine,Support,479136.57
686,Ruth,Carr,rcarrj1@bing.com,F,Canada,Sales,386164.11
687,Carolyn,Simpson,csimpsonj2@themeforest.net,F,Poland,Engineering,379692.53
688,Nancy,Rose,nrosej3@yale.edu,F,United States,Services,96999.05
689,Jeffrey,Snyder,jsnyderj4@google.com.br,M,Democratic Republic of the Congo,Engineering,341981.4
690,Walter,Brown,wbrownj5@weebly.com,M,Dominican Republic,Services,270931.32
691,Jeremy,Wilson,jwilsonj6@dagondesign.com,M,Indonesia,Engineering,354749.93
692,Irene,Wallace,iwallacej7@edublogs.org,F,China,Accounting,200506.67
693,Maria,Marshall,mmarshallj8@blogs.com,F,Philippines,Legal,217020.09
694,Ruby,Jackson,rjacksonj9@comcast.net,F,Philippines,Services,302510.09
695,Kathleen,Simpson,ksimpsonja@purevolume.com,F,Russia,Sales,71072.3
696,Theresa,Vasquez,tvasquezjb@pinterest.com,F,China,Engineering,179785.22
697,Teresa,Richardson,trichardsonjc@vk.com,F,Slovenia,Support,488312.47
698,Lillian,Snyder,lsnyderjd@disqus.com,F,China,Engineering,490716.32
699,Wayne,Perry,wperryje@usnews.com,M,Canada,Accounting,86052.25
700,Bobby,Frazier,bfrazierjf@histats.com,M,Portugal,Engineering,107186.35
701,Peter,Collins,pcollinsjg@google.com.br,M,Comoros,Training,269508.39
702,Gregory,Marshall,gmarshalljh@paypal.com,M,Norway,Sales,478480.36
703,Teresa,Ruiz,truizji@ning.com,F,China,Sales,199974.4
704,Tina,Alexander,talexanderjj@1688.com,F,Thailand,Business Development,152781.94
705,Wayne,Gray,wgrayjk@desdev.cn,M,Thailand,Research and Development,252308.98
706,Jane,Taylor,jtaylorjl@sbwire.com,F,China,Business Development,187931.89
707,Frank,Gray,fgrayjm@sphinn.com,M,Guatemala,Services,379198.34
708,Frances,Ryan,fryanjn@last.fm,F,Macedonia,Human Resources,479368.22
709,Craig,Bryant,cbryantjo@vimeo.com,M,Sweden,Engineering,115130.16
710,Melissa,Black,mblackjp@addtoany.com,F,Afghanistan,Legal,406387.35
711,Evelyn,Morales,emoralesjq@plala.or.jp,F,Argentina,Support,105631.74
712,Maria,Tucker,mtuckerjr@alexa.com,F,Russia,Research and Development,131586.68
713,Antonio,Hawkins,ahawkinsjs@mail.ru,M,Vietnam,Research and Development,330138.96
714,Linda,Lynch,llynchjt@rambler.ru,F,Philippines,Engineering,487837.08
715,Richard,Williamson,rwilliamsonju@g.co,M,Jordan,Marketing,159276.84
716,Virginia,Lewis,vlewisjv@exblog.jp,F,United States,Business Development,128181.99
717,Marilyn,Moreno,mmorenojw@ca.gov,F,Canada,Human Resources,438469.4
718,Maria,Greene,mgreenejx@census.gov,F,Morocco,Product Management,116907.67
719,Diana,Morales,dmoralesjy@usda.gov,F,Canada,Support,200024.57
720,Bonnie,Green,bgreenjz@joomla.org,F,Palau,Business Development,418451.72
721,Sandra,Dixon,sdixonk0@archive.org,F,Pakistan,Marketing,491934.78
722,Margaret,Armstrong,marmstrongk1@chron.com,F,Japan,Accounting,112510.33
723,Jennifer,Gomez,jgomezk2@twitter.com,F,Sweden,Training,116984.44
724,Bobby,Banks,bbanksk3@virginia.edu,M,Russia,Product Management,217575.82
725,Julia,Watkins,jwatkinsk4@smh.com.au,F,Nigeria,Marketing,378805.66
726,Jean,Price,jpricek5@yandex.ru,F,China,Accounting,75066.98
727,Kevin,Sullivan,ksullivank6@latimes.com,M,China,Research and Development,428262.71
728,Steve,Moreno,smorenok7@answers.com,M,Portugal,Engineering,388541.85
729,Joyce,Roberts,jrobertsk8@clickbank.net,F,China,Sales,158006.47
730,Michelle,Romero,mromerok9@last.fm,F,France,Product Management,487035.11
731,Phillip,Meyer,pmeyerka@ucsd.edu,M,Mexico,Training,207595.25
732,Todd,Henry,thenrykb@reference.com,M,Argentina,Marketing,240418.26
733,Walter,Torres,wtorreskc@photobucket.com,M,Vietnam,Training,147167.3
734,Jerry,Richardson,jrichardsonkd@zimbio.com,M,Serbia,Accounting,480405.72
735,Katherine,Chavez,kchavezke@prweb.com,F,Bangladesh,Support,70771.18
736,Walter,Simpson,wsimpsonkf@posterous.com,M,United States,Services,48640.4
737,Helen,Mendoza,hmendozakg@topsy.com,F,China,Services,78458.86
738,Kathy,Patterson,kpattersonkh@ning.com,F,Indonesia,Legal,25299.05
739,Ralph,Fields,rfieldski@typepad.com,M,Philippines,Training,462398.71
740,Rose,Murphy,rmurphykj@huffingtonpost.com,F,Croatia,Marketing,15977.11
741,Debra,Knight,dknightkk@upenn.edu,F,Indonesia,Product Management,265089.35
742,Ryan,Bennett,rbennettkl@nifty.com,M,Indonesia,Human Resources,427046.19
743,Harry,Martinez,hmartinezkm@sfgate.com,M,Portugal,Product Management,35521.08
744,Joe,Arnold,jarnoldkn@mapy.cz,M,Russia,Business Development,262724.26
745,Michael,Baker,mbakerko@unesco.org,M,Indonesia,Research and Development,222583.82
746,Elizabeth,Moore,emoorekp@people.com.cn,F,Brazil,Business Development,394818.55
747,Ralph,Carter,rcarterkq@patch.com,M,Iran,Product Management,209583.24
748,Jane,Gonzalez,jgonzalezkr@scientificamerican.com,F,Brazil,Training,277808.47
749,Cheryl,Stone,cstoneks@fema.gov,F,Colombia,Business Development,22086.75
750,Ashley,Holmes,aholmeskt@wisc.edu,F,Ukraine,Business Development,311845.49
751,James,Bradley,jbradleyku@macromedia.com,M,Poland,Services,440059.41
752,Carl,Kelley,ckelleykv@webs.com,M,Egypt,Research and Development,37392.71
753,Alice,Cunningham,acunninghamkw@quantcast.com,F,Serbia,Accounting,494435.66
754,John,Thomas,jthomaskx@techcrunch.com,M,Portugal,Business Development,65983.33
755,Ryan,James,rjamesky@reference.com,M,Malta,Accounting,420345.04
756,Karen,Garrett,kgarrettkz@flickr.com,F,Colombia,Support,257930.32
757,Gloria,Bowman,gbowmanl0@arstechnica.com,F,China,Sales,77946.84
758,Helen,Shaw,hshawl1@cbslocal.com,F,United States,Research and Development,235561.8
759,Louise,Schmidt,lschmidtl2@cnet.com,F,Indonesia,Research and Development,479624.89
760,Ronald,Lewis,rlewisl3@booking.com,M,Indonesia,Marketing,469869.61
761,Steve,Matthews,smatthewsl4@last.fm,M,Iran,Engineering,215611.75
762,Ronald,Rose,rrosel5@homestead.com,M,France,Marketing,389804.64
763,Douglas,Medina,dmedinal6@go.com,M,China,Product Management,151463.7
764,Michael,Edwards,medwardsl7@tuttocitta.it,M,China,Sales,321580.05
765,Lori,Rodriguez,lrodriguezl8@wix.com,F,Philippines,Engineering,119452.96
766,Patricia,Morris,pmorrisl9@dailymotion.com,F,United States,Business Development,178543.26
767,Mildred,Harrison,mharrisonla@umn.edu,F,Portugal,Services,490837.27
768,Fred,Kelley,fkelleylb@tripadvisor.com,M,Democratic Republic of the Congo,Legal,279800.88
769,Walter,Wallace,wwallacelc@youtu.be,M,Peru,Human Resources,499072.49
770,Stephanie,Kennedy,skennedyld@live.com,F,Jamaica,Accounting,167348.26
771,Kevin,Stephens,kstephensle@salon.com,M,Sweden,Engineering,113741.93
772,Paula,Rose,proself@alibaba.com,F,Poland,Training,389969.43
773,Shawn,Lane,slanelg@boston.com,M,Poland,Business Development,265007.99
774,Willie,Hill,whilllh@economist.com,M,China,Engineering,423945.64
775,Janet,Allen,jallenli@is.gd,F,Belarus,Services,178017.78
776,Kimberly,Simpson,ksimpsonlj@delicious.com,F,Morocco,Support,450225.98
777,Bobby,Kelly,bkellylk@google.fr,M,Indonesia,Product Management,392660.69
778,Ruth,Barnes,rbarnesll@networksolutions.com,F,Martinique,Support,466355.82
779,Sandra,Reyes,sreyeslm@vk.com,F,Bosnia and Herzegovina,Marketing,323239.88
780,Gregory,Woods,gwoodsln@wordpress.com,M,Poland,Sales,204299.33
781,Bobby,Taylor,btaylorlo@chicagotribune.com,M,China,Business Development,349189.22
782,Randy,Gonzalez,rgonzalezlp@github.com,M,China,Accounting,202912.8
783,Nancy,Johnston,njohnstonlq@mayoclinic.com,F,Poland,Training,240330.21
784,Ryan,Meyer,rmeyerlr@patch.com,M,France,Human Resources,102907.81
785,Brenda,Ruiz,bruizls@themeforest.net,F,Peru,Engineering,179632.19
786,Thomas,Lee,tleelt@nature.com,M,Portugal,Product Management,367906.08
787,Nicole,Gonzalez,ngonzalezlu@tumblr.com,F,Indonesia,Product Management,380222.93
788,Frank,Ramirez,framirezlv@tinyurl.com,M,Japan,Services,426644.75
789,Tina,Myers,tmyerslw@163.com,F,Finland,Human Resources,64264.64
790,Louise,Fox,lfoxlx@un.org,F,China,Services,47512.92
791,Jerry,Wagner,jwagnerly@census.gov,M,Philippines,Accounting,351672.74
792,Matthew,Ellis,mellislz@storify.com,M,Venezuela,Legal,77164.68
793,Louis,Grant,lgrantm0@state.gov,M,Nicaragua,Sales,124890.18
794,Gregory,Romero,gromerom1@thetimes.co.uk,M,Indonesia,Human Resources,459949.11
795,Lori,Sims,lsimsm2@printfriendly.com,F,Azerbaijan,Training,91697.6
796,Virginia,Jackson,vjacksonm3@desdev.cn,F,Indonesia,Business Development,453363.97
797,Gloria,Simmons,gsimmonsm4@skyrock.com,F,South Africa,Engineering,58154.04
798,Anna,Morales,amoralesm5@wisc.edu,F,Nigeria,Accounting,320001.2
799,William,Reynolds,wreynoldsm6@redcross.org,M,Bosnia and Herzegovina,Business Development,104312.59
800,Dennis,Reynolds,dreynoldsm7@booking.com,M,China,Support,381452.2
801,Peter,Ford,pfordm8@yandex.ru,M,Indonesia,Training,120138.55
802,Richard,Austin,raustinm9@thetimes.co.uk,M,Indonesia,Marketing,288735.08
803,Bruce,Burke,bburkema@europa.eu,M,Cuba,Product Management,159723.71
804,Kelly,Burns,kburnsmb@ning.com,F,Philippines,Human Resources,41548.3
805,Margaret,Richards,mrichardsmc@mozilla.com,F,Indonesia,Engineering,209456.12
806,Kelly,Howard,khowardmd@addtoany.com,F,Ecuador,Research and Development,296308.82
807,Jennifer,Adams,jadamsme@huffingtonpost.com,F,Russia,Sales,323990.52
808,Amy,Evans,aevansmf@scientificamerican.com,F,Brazil,Support,206398.72
809,Anne,Frazier,afraziermg@marriott.com,F,Vietnam,Accounting,214987.37
810,Billy,Schmidt,bschmidtmh@over-blog.com,M,China,Sales,198257.88
811,Henry,Burns,hburnsmi@blogspot.com,M,Mexico,Research and Development,350890.29
812,Ernest,George,egeorgemj@tmall.com,M,Portugal,Research and Development,489658.22
813,Douglas,Pierce,dpiercemk@prnewswire.com,M,Portugal,Support,400403.27
814,Thomas,Hill,thillml@vimeo.com,M,Philippines,Services,357564.46
815,Nicholas,Mills,nmillsmm@bing.com,M,Philippines,Research and Development,383534.22
816,John,Moreno,jmorenomn@nymag.com,M,China,Services,70491.6
817,Christine,Howell,chowellmo@list-manage.com,F,China,Services,74752.1
818,Joseph,Hamilton,jhamiltonmp@soup.io,M,Kuwait,Product Management,223709.55
819,Rachel,Clark,rclarkmq@bluehost.com,F,Guatemala,Research and Development,464272.64
820,Christopher,Montgomery,cmontgomerymr@booking.com,M,Portugal,Product Management,454820.99
821,Louise,Fuller,lfullerms@miibeian.gov.cn,F,Indonesia,Product Management,37191.18
822,Theresa,Daniels,tdanielsmt@npr.org,F,China,Business Development,202552.38
823,Theresa,Powell,tpowellmu@harvard.edu,F,Philippines,Engineering,246383.65
824,Julie,Simpson,jsimpsonmv@abc.net.au,F,Brazil,Research and Development,90338.75
825,Anne,Torres,atorresmw@webmd.com,F,China,Research and Development,328368.29
826,Nicole,Larson,nlarsonmx@moonfruit.com,F,Mali,Marketing,491283.78
827,Diane,Crawford,dcrawfordmy@cornell.edu,F,Finland,Human Resources,126509.71
828,Fred,Lane,flanemz@virginia.edu,M,Peru,Research and Development,376011.4
829,Kelly,Hill,khilln0@toplist.cz,F,China,Marketing,216713.87
830,Justin,Boyd,jboydn1@businessweek.com,M,Indonesia,Engineering,341479.2
831,Ashley,Gibson,agibsonn2@squidoo.com,F,United States,Accounting,421561.28
832,Kathy,Edwards,kedwardsn3@yahoo.co.jp,F,Egypt,Product Management,201414.98
833,Brian,Knight,bknightn4@google.ca,M,Burkina Faso,Human Resources,123242.69
834,Fred,Hanson,fhansonn5@blogtalkradio.com,M,Indonesia,Services,353710.48
835,Louis,King,lkingn6@canalblog.com,M,Iran,Training,137320.06
836,Jimmy,Chavez,jchavezn7@dailymail.co.uk,M,Ukraine,Sales,209150.33
837,Ruth,Ross,rrossn8@tmall.com,F,Honduras,Accounting,362553.22
838,Thomas,Lane,tlanen9@diigo.com,M,United States,Marketing,224359.67
839,Donna,Allen,dallenna@dyndns.org,F,Algeria,Product Management,320831.99
840,Carolyn,Hunter,chunternb@techcrunch.com,F,China,Research and Development,182217.82
841,Eric,Morales,emoralesnc@github.com,M,Indonesia,Legal,20712.49
842,Carol,Gibson,cgibsonnd@desdev.cn,F,Poland,Human Resources,35009.02
843,Roy,Stevens,rstevensne@cpanel.net,M,Japan,Accounting,16786.55
844,Eugene,Hansen,ehansennf@live.com,M,Russia,Engineering,358578.3
845,Johnny,George,jgeorgeng@taobao.com,M,China,Accounting,127147.58
846,Frances,Nichols,fnicholsnh@nature.com,F,Mexico,Marketing,326087.49
847,Victor,Patterson,vpattersonni@utexas.edu,M,Canada,Product Management,84588.98
848,Randy,Alvarez,ralvareznj@studiopress.com,M,Iran,Sales,274463.98
849,Terry,Stone,tstonenk@fema.gov,M,United States,Research and Development,417873.96
850,Rose,Daniels,rdanielsnl@twitpic.com,F,Peru,Sales,432902.32
851,Helen,Nichols,hnicholsnm@wired.com,F,Vietnam,Accounting,476092.93
852,Rachel,Diaz,rdiaznn@webs.com,F,Philippines,Sales,271934.83
853,Jose,Chavez,jchavezno@smugmug.com,M,Cyprus,Marketing,361312.26
854,Joe,Simmons,jsimmonsnp@youtube.com,M,Turkmenistan,Marketing,453942.29
855,Kathryn,Bell,kbellnq@seattletimes.com,F,Indonesia,Legal,269829.46
856,Earl,Armstrong,earmstrongnr@nationalgeographic.com,M,Bulgaria,Legal,273615.32
857,Eric,Hill,ehillns@typepad.com,M,Portugal,Accounting,90977.53
858,Margaret,Ferguson,mfergusonnt@360.cn,F,Indonesia,Services,123004.15
859,Sarah,Carroll,scarrollnu@latimes.com,F,Russia,Accounting,388047.15
860,Bruce,Torres,btorresnv@tiny.cc,M,Poland,Engineering,127958.58
861,Gary,Hunter,ghunternw@tuttocitta.it,M,Philippines,Research and Development,153041.53
862,Terry,Graham,tgrahamnx@yale.edu,M,Lebanon,Services,385570.12
863,Joseph,Garrett,jgarrettny@jugem.jp,M,Portugal,Research and Development,301448.29
864,Aaron,Perez,apereznz@epa.gov,M,Morocco,Human Resources,155207.68
865,Mildred,Baker,mbakero0@studiopress.com,F,United States,Training,456491.17
866,Sandra,Lawrence,slawrenceo1@jiathis.com,F,Czech Republic,Services,439745.02
867,Diane,Elliott,delliotto2@pcworld.com,F,Bulgaria,Legal,15699.51
868,Martin,Johnson,mjohnsono3@lycos.com,M,Indonesia,Research and Development,422234.35
869,Janice,Gomez,jgomezo4@list-manage.com,F,Indonesia,Engineering,18520.99
870,Thomas,Diaz,tdiazo5@pbs.org,M,Mexico,Support,489483.32
871,Kelly,Washington,kwashingtono6@guardian.co.uk,F,Philippines,Training,282450.62
872,Louise,Peters,lpeterso7@naver.com,F,Philippines,Business Development,241371.68
873,Ruth,West,rwesto8@google.nl,F,Togo,Human Resources,376185.4
874,Shirley,Richards,srichardso9@telegraph.co.uk,F,Indonesia,Services,49235.89
875,Jason,Harrison,jharrisonoa@hp.com,M,Indonesia,Services,205659.97
876,Marie,Adams,madamsob@fema.gov,F,Hungary,Support,304980
877,Katherine,Morrison,kmorrisonoc@reuters.com,F,China,Research and Development,461458.09
878,Cheryl,Matthews,cmatthewsod@google.de,F,China,Business Development,442413.01
879,Roy,Lee,rleeoe@msn.com,M,Indonesia,Human Resources,335641.63
880,Jesse,Jordan,jjordanof@statcounter.com,M,Peru,Support,421077.84
881,Susan,Peters,spetersog@vinaora.com,F,Nigeria,Legal,219113.48
882,Amy,Richards,arichardsoh@ifeng.com,F,Philippines,Accounting,414539.73
883,Edward,Meyer,emeyeroi@yahoo.co.jp,M,United States,Product Management,292684.62
884,Diane,Fox,dfoxoj@cafepress.com,F,Brazil,Sales,51554.21
885,Brian,Spencer,bspencerok@slideshare.net,M,Greece,Legal,419019.48
886,Tammy,Alvarez,talvarezol@cornell.edu,F,Cameroon,Legal,23375.49
887,Antonio,Burke,aburkeom@umich.edu,M,China,Business Development,359311.67
888,Wayne,Spencer,wspenceron@biblegateway.com,M,Bulgaria,Legal,446323.58
889,Marilyn,Montgomery,mmontgomeryoo@nyu.edu,F,Canada,Engineering,55701.18
890,Clarence,Bennett,cbennettop@mlb.com,M,Russia,Product Management,123718.83
891,Timothy,Weaver,tweaveroq@ftc.gov,M,China,Services,349247.98
892,Joyce,Rice,jriceor@skyrock.com,F,Greece,Business Development,404338.99
893,Cynthia,Adams,cadamsos@e-recht24.de,F,Brazil,Legal,444041.67
894,Terry,Little,tlittleot@usnews.com,M,Colombia,Business Development,134393.65
895,Beverly,Hill,bhillou@skype.com,F,France,Training,479754.1
896,Jean,Webb,jwebbov@canalblog.com,F,China,Services,215418.08
897,Janice,Chavez,jchavezow@senate.gov,F,China,Engineering,197130.33
898,Joseph,Ramirez,jramirezox@feedburner.com,M,Portugal,Marketing,366339.74
899,Raymond,Edwards,redwardsoy@tuttocitta.it,M,Portugal,Product Management,77275.29
900,Angela,Jackson,ajacksonoz@mit.edu,F,China,Product Management,242781.15
901,Denise,Cook,dcookp0@answers.com,F,China,Product Management,197477.8
902,Howard,Gibson,hgibsonp1@comsenz.com,M,Slovenia,Human Resources,60417.09
903,Carolyn,Reynolds,creynoldsp2@vinaora.com,F,Indonesia,Research and Development,360816.68
904,Cynthia,Gutierrez,cgutierrezp3@photobucket.com,F,Brazil,Accounting,284610
905,Barbara,Sanders,bsandersp4@ebay.co.uk,F,China,Business Development,320941.33
906,Denise,Hayes,dhayesp5@fastcompany.com,F,Cuba,Support,336171.12
907,Albert,Boyd,aboydp6@exblog.jp,M,Poland,Support,385018.29
908,Marilyn,Garrett,mgarrettp7@lulu.com,F,France,Support,433846.09
909,Terry,Cook,tcookp8@geocities.jp,M,France,Services,384295.31
910,Christina,Mendoza,cmendozap9@domainmarket.com,F,Tajikistan,Sales,101976.98
911,Randy,Bell,rbellpa@purevolume.com,M,Indonesia,Research and Development,347154.94
912,Christopher,Wells,cwellspb@is.gd,M,Kuwait,Training,337972.27
913,Annie,Smith,asmithpc@squarespace.com,F,Japan,Engineering,437620.95
914,Rebecca,Thomas,rthomaspd@jugem.jp,F,Macedonia,Marketing,110317.47
915,Joshua,Fernandez,jfernandezpe@mysql.com,M,Poland,Services,196874.54
916,Joshua,Boyd,jboydpf@google.ru,M,United States,Human Resources,38918.94
917,Douglas,Vasquez,dvasquezpg@comcast.net,M,Portugal,Engineering,218481.14
918,Johnny,Murray,jmurrayph@mlb.com,M,Indonesia,Services,494702.5
919,Amy,Nichols,anicholspi@scribd.com,F,Zambia,Research and Development,271638.47
920,Betty,Ramos,bramospj@shinystat.com,F,Guatemala,Legal,111283.36
921,Harry,Sanders,hsanderspk@ovh.net,M,Madagascar,Research and Development,69035.95
922,Jesse,Carr,jcarrpl@google.com.hk,M,China,Product Management,123640.08
923,Lois,Morgan,lmorganpm@sina.com.cn,F,Nigeria,Support,378422.94
924,Patricia,Franklin,pfranklinpn@spotify.com,F,France,Business Development,74360.32
925,Kathryn,Gilbert,kgilbertpo@diigo.com,F,Honduras,Accounting,468004.47
926,Angela,Knight,aknightpp@msu.edu,F,Vanuatu,Research and Development,446066.87
927,Steven,Walker,swalkerpq@berkeley.edu,M,Mongolia,Product Management,175131.12
928,Craig,Ortiz,cortizpr@ed.gov,M,China,Services,189077.59
929,Marilyn,Edwards,medwardsps@blogtalkradio.com,F,Russia,Human Resources,176275.58
930,Teresa,West,twestpt@virginia.edu,F,China,Training,59167.92
931,Phillip,Alvarez,palvarezpu@4shared.com,M,China,Support,351779.87
932,Clarence,Evans,cevanspv@youku.com,M,Indonesia,Training,102554.24
933,Carlos,Morales,cmoralespw@blogger.com,M,Russia,Research and Development,302058.95
934,Kathy,Wilson,kwilsonpx@purevolume.com,F,Sweden,Accounting,289177.18
935,Edward,Warren,ewarrenpy@ed.gov,M,Poland,Sales,303338.66
936,Marie,Myers,mmyerspz@google.de,F,Indonesia,Legal,228408.45
937,Jerry,Stephens,jstephensq0@archive.org,M,United States,Human Resources,185298.7
938,Johnny,George,jgeorgeq1@sina.com.cn,M,Philippines,Product Management,482810.81
939,Jane,Davis,jdavisq2@arizona.edu,F,Czech Republic,Engineering,127938.56
940,Janice,Chavez,jchavezq3@domainmarket.com,F,Mexico,Services,318079.73
941,Ronald,Mitchell,rmitchellq4@twitter.com,M,China,Product Management,291728.84
942,Billy,Harper,bharperq5@g.co,M,Bahamas,Support,290984.37
943,Mary,Hart,mhartq6@techcrunch.com,F,China,Research and Development,131346.45
944,Victor,Schmidt,vschmidtq7@networkadvertising.org,M,Brazil,Engineering,445256.05
945,Randy,Murphy,rmurphyq8@paypal.com,M,Portugal,Legal,464620.21
946,Maria,Alexander,malexanderq9@npr.org,F,Vietnam,Engineering,383972.01
947,Harold,Murray,hmurrayqa@ocn.ne.jp,M,Russia,Training,346420.31
948,Eric,Richards,erichardsqb@scribd.com,M,Norway,Support,109612.71
949,Ann,Long,alongqc@phoca.cz,F,China,Sales,356956.7
950,Chris,Burke,cburkeqd@examiner.com,M,Sweden,Sales,68038.18
951,Christine,Long,clongqe@slate.com,F,Poland,Accounting,43414.86
952,Lori,Gonzalez,lgonzalezqf@vkontakte.ru,F,Indonesia,Product Management,143588.53
953,Gary,Fuller,gfullerqg@sohu.com,M,Zambia,Engineering,24823.1
954,Douglas,Wells,dwellsqh@over-blog.com,M,China,Product Management,215430.23
955,Antonio,Bryant,abryantqi@hc360.com,M,Russia,Engineering,464296.67
956,Jean,Graham,jgrahamqj@slideshare.net,F,Russia,Engineering,78764.21
957,Paul,Richards,prichardsqk@1und1.de,M,China,Support,290560.46
958,Tammy,Chavez,tchavezql@cmu.edu,F,Croatia,Accounting,258317.89
959,Barbara,Larson,blarsonqm@linkedin.com,F,Philippines,Engineering,225158.94
960,Patrick,Brown,pbrownqn@google.co.uk,M,Peru,Engineering,258625.95
961,Kevin,Barnes,kbarnesqo@google.com.br,M,Portugal,Accounting,306133.8
962,Gerald,Phillips,gphillipsqp@nifty.com,M,Philippines,Sales,320966.68
963,Laura,Fernandez,lfernandezqq@webeden.co.uk,F,Germany,Business Development,423981.49
964,Sharon,Mendoza,smendozaqr@yandex.ru,F,China,Business Development,480077.54
965,Benjamin,Gray,bgrayqs@ning.com,M,Philippines,Sales,27375.22
966,William,Bell,wbellqt@mayoclinic.com,M,Venezuela,Engineering,450771.68
967,Carl,Reynolds,creynoldsqu@gnu.org,M,Peru,Research and Development,498199.16
968,Eric,Butler,ebutlerqv@ask.com,M,France,Business Development,354226.52
969,Steven,Alexander,salexanderqw@wordpress.com,M,Mexico,Support,25689.61
970,Jacqueline,Stewart,jstewartqx@technorati.com,F,Indonesia,Support,264520.16
971,George,Young,gyoungqy@shareasale.com,M,Thailand,Accounting,169549.61
972,Chris,Snyder,csnyderqz@time.com,M,Tanzania,Support,354071.61
973,Barbara,Adams,badamsr0@bloglovin.com,F,Czech Republic,Services,276238.23
974,Marie,Hill,mhillr1@discovery.com,F,Germany,Services,223589.88
975,Joshua,Morgan,jmorganr2@storify.com,M,Mexico,Legal,344047.51
976,Louise,Mills,lmillsr3@cloudflare.com,F,Egypt,Accounting,74004.44
977,Juan,Arnold,jarnoldr4@naver.com,M,Portugal,Business Development,68824.03
978,Laura,Clark,lclarkr5@yolasite.com,F,Indonesia,Services,499172.25
979,Harold,Palmer,hpalmerr6@cafepress.com,M,Bangladesh,Business Development,267845.64
980,Lawrence,Lane,llaner7@sun.com,M,Argentina,Accounting,445357.42
981,Lillian,Andrews,landrewsr8@home.pl,F,France,Training,418422.24
982,Howard,Foster,hfosterr9@shutterfly.com,M,Indonesia,Product Management,108659.38
983,Phillip,Rice,pricera@youtube.com,M,Norway,Engineering,280787.87
984,Janet,Kelly,jkellyrb@kickstarter.com,F,China,Sales,163444.47
985,Elizabeth,Hart,ehartrc@uiuc.edu,F,China,Training,465068.6
986,Lisa,Sanchez,lsanchezrd@mozilla.com,F,Brazil,Marketing,83952.62
987,Heather,Perkins,hperkinsre@techcrunch.com,F,Sweden,Support,29353.07
988,Daniel,Martin,dmartinrf@youku.com,M,China,Research and Development,109172.43
989,Ruth,Weaver,rweaverrg@tripadvisor.com,F,Pakistan,Support,33796.75
990,Deborah,Weaver,dweaverrh@upenn.edu,F,Sweden,Sales,410424.18
991,Randy,Berry,rberryri@usda.gov,M,China,Business Development,189787.52
992,Carl,Chavez,cchavezrj@va.gov,M,Indonesia,Engineering,290853.93
993,Betty,Bennett,bbennettrk@npr.org,F,China,Product Management,61477.03
994,Kelly,Davis,kdavisrl@discuz.net,F,Russia,Accounting,134996.46
995,Tina,Gardner,tgardnerrm@cargocollective.com,F,China,Sales,405694.16
996,Heather,Rodriguez,hrodriguezrn@icio.us,F,Philippines,Human Resources,113834.67
997,Rachel,Davis,rdavisro@blinklist.com,F,Russia,Engineering,158629.84
998,Stephanie,Anderson,sandersonrp@trellian.com,F,China,Accounting,225111.63
999,Rachel,Barnes,rbarnesrq@hugedomains.com,F,China,Engineering,269498.67
1000,Emily,Fields,efieldsrr@google.it,F,China,Support,220436.18
